<?xml version="1.0" encoding="utf-8"?><feed xmlns="http://www.w3.org/2005/Atom" ><generator uri="https://jekyllrb.com/" version="3.5.2">Jekyll</generator><link href="http://localhost:4000/feed.xml" rel="self" type="application/atom+xml" /><link href="http://localhost:4000/" rel="alternate" type="text/html" /><updated>2018-03-14T13:38:50+06:00</updated><id>http://localhost:4000/</id><title type="html">Your awesome title</title><subtitle>Write an awesome description for your new site here. You can edit this line in _config.yml. It will appear in your document head meta (for Google search results) and in your feed.xml site description.</subtitle><entry><title type="html">Jekyll Second Podt Title</title><link href="http://localhost:4000/featured/2018/03/12/second.html" rel="alternate" type="text/html" title="Jekyll Second Podt Title" /><published>2018-03-12T07:55:07+06:00</published><updated>2018-03-12T07:55:07+06:00</updated><id>http://localhost:4000/featured/2018/03/12/second</id><content type="html" xml:base="http://localhost:4000/featured/2018/03/12/second.html">&lt;p&gt;Lorem ipsum dolor sit amet, consectetur adipisicing elit. Porro impedit repudiandae neque sed eligendi sunt, ad cupiditate. Deserunt beatae, maiores, deleniti fugit unde, vel dignissimos incidunt necessitatibus velit nisi dolore.Lorem ipsum dolor sit amet, massa non molestie aliquam urna vitae, donec suspendisse pede, varius ut molestie sagittis vehicula id wisi, et eget sed. Qui non habitant lacus dolor metus orci, erat suscipit et adipiscing ultricies vivamus. Tortor non libero. Lacinia aliquam&lt;/p&gt;</content><author><name>Hasan Sass</name></author><summary type="html">Lorem ipsum dolor sit amet, consectetur adipisicing elit. Porro impedit repudiandae neque sed eligendi sunt, ad cupiditate. Deserunt beatae, maiores, deleniti fugit unde, vel dignissimos incidunt necessitatibus velit nisi dolore.Lorem ipsum dolor sit amet, massa non molestie aliquam urna vitae, donec suspendisse pede, varius ut molestie sagittis vehicula id wisi, et eget sed. Qui non habitant lacus dolor metus orci, erat suscipit et adipiscing ultricies vivamus. Tortor non libero. Lacinia aliquam</summary></entry><entry><title type="html">Anatomy Lorem ipsum dolor</title><link href="http://localhost:4000/anatomy/2018/03/06/anatomy.html" rel="alternate" type="text/html" title="Anatomy Lorem ipsum dolor" /><published>2018-03-06T00:00:00+06:00</published><updated>2018-03-06T00:00:00+06:00</updated><id>http://localhost:4000/anatomy/2018/03/06/anatomy</id><content type="html" xml:base="http://localhost:4000/anatomy/2018/03/06/anatomy.html">&lt;p&gt;Anatomy Lorem ipsum dolor sit amet, consectetur adipisicing elit. Facere dicta, obcaecati earum velit alias. Vel in aliquam tempore enim officia perferendis tempora, voluptate odio necessitatibus fuga aperiam repudiandae quas perspiciatis mollitia autem, officiis. Dolores alias maiores mollitia eaque totam cupiditate possimus quasi nihil placeat libero quod, debitis reiciendis, officia, architecto error aspernatur, provident. Ipsam quaerat libero iure voluptas, doloribus facere officia corporis incidunt consectetur voluptatem.&lt;/p&gt;

&lt;p&gt;Lorem ipsum dolor sit amet, consectetur adipisicing elit. Alias, adipisci voluptates ipsum. Ipsa sequi itaque cum veritatis facilis, cupiditate nihil labore architecto inventore, doloribus iusto saepe nam dolore autem magnam debitis! Ad rerum, at perspiciatis. Nulla reprehenderit, perferendis illo omnis voluptate, quo eligendi magnam quibusdam repudiandae inventore optio maiores reiciendis mollitia unde, amet quaerat.&lt;/p&gt;

&lt;p&gt;Lorem ipsum dolor sit amet, consectetur adipisicing elit. Consequuntur nulla sed hic ducimus earum eaque deserunt eveniet vel reiciendis, animi, corporis numquam quam cumque fugiat impedit ipsa, perferendis fuga, officiis.&lt;/p&gt;</content><author><name>themeix</name></author><summary type="html">Anatomy Lorem ipsum dolor sit amet, consectetur adipisicing elit. Facere dicta, obcaecati earum velit alias. Vel in aliquam tempore enim officia perferendis tempora, voluptate odio necessitatibus fuga aperiam repudiandae quas perspiciatis mollitia autem, officiis. Dolores alias maiores mollitia eaque totam cupiditate possimus quasi nihil placeat libero quod, debitis reiciendis, officia, architecto error aspernatur, provident. Ipsam quaerat libero iure voluptas, doloribus facere officia corporis incidunt consectetur voluptatem.</summary></entry><entry><title type="html">Ethical Social Lorem ipsum</title><link href="http://localhost:4000/social/2018/03/05/ethecial.html" rel="alternate" type="text/html" title="Ethical Social Lorem ipsum" /><published>2018-03-05T00:00:00+06:00</published><updated>2018-03-05T00:00:00+06:00</updated><id>http://localhost:4000/social/2018/03/05/ethecial</id><content type="html" xml:base="http://localhost:4000/social/2018/03/05/ethecial.html">&lt;p&gt;Ethical Social Lorem ipsum dolor sit amet, consectetur adipisicing elit. Facere dicta, obcaecati earum velit alias. Vel in aliquam tempore enim officia perferendis tempora, voluptate odio necessitatibus fuga aperiam repudiandae quas perspiciatis mollitia autem, officiis. Dolores alias maiores mollitia eaque totam cupiditate possimus quasi nihil placeat libero quod, debitis reiciendis, officia, architecto error aspernatur, provident. Ipsam quaerat libero iure voluptas, doloribus facere officia corporis incidunt consectetur voluptatem.&lt;/p&gt;

&lt;p&gt;Lorem ipsum dolor sit amet, consectetur adipisicing elit. Alias, adipisci voluptates ipsum. Ipsa sequi itaque cum veritatis facilis, cupiditate nihil labore architecto inventore, doloribus iusto saepe nam dolore autem magnam debitis! Ad rerum, at perspiciatis. Nulla reprehenderit, perferendis illo omnis voluptate, quo eligendi magnam quibusdam repudiandae inventore optio maiores reiciendis mollitia unde, amet quaerat.&lt;/p&gt;</content><author><name>themeix</name></author><summary type="html">Ethical Social Lorem ipsum dolor sit amet, consectetur adipisicing elit. Facere dicta, obcaecati earum velit alias. Vel in aliquam tempore enim officia perferendis tempora, voluptate odio necessitatibus fuga aperiam repudiandae quas perspiciatis mollitia autem, officiis. Dolores alias maiores mollitia eaque totam cupiditate possimus quasi nihil placeat libero quod, debitis reiciendis, officia, architecto error aspernatur, provident. Ipsam quaerat libero iure voluptas, doloribus facere officia corporis incidunt consectetur voluptatem.</summary></entry><entry><title type="html">Social Lorem ipsum dolor sit amet</title><link href="http://localhost:4000/social/2018/03/04/social.html" rel="alternate" type="text/html" title="Social Lorem ipsum dolor sit amet" /><published>2018-03-04T00:00:00+06:00</published><updated>2018-03-04T00:00:00+06:00</updated><id>http://localhost:4000/social/2018/03/04/social</id><content type="html" xml:base="http://localhost:4000/social/2018/03/04/social.html">&lt;p&gt;Social Lorem ipsum dolor sit amet, consectetur adipisicing elit. Facere dicta, obcaecati earum velit alias. Vel in aliquam tempore enim officia perferendis tempora, voluptate odio necessitatibus fuga aperiam repudiandae quas perspiciatis mollitia autem, officiis. Dolores alias maiores mollitia eaque totam cupiditate possimus quasi nihil placeat libero quod, debitis reiciendis, officia, architecto error aspernatur, provident. Ipsam quaerat libero iure voluptas, doloribus facere officia corporis incidunt consectetur voluptatem.&lt;/p&gt;

&lt;p&gt;Lorem ipsum dolor sit amet, consectetur adipisicing elit. Alias, adipisci voluptates ipsum. Ipsa sequi itaque cum veritatis facilis, cupiditate nihil labore architecto inventore, doloribus iusto saepe nam dolore autem magnam debitis! Ad rerum, at perspiciatis. Nulla reprehenderit, perferendis illo omnis voluptate, quo eligendi magnam quibusdam repudiandae inventore optio maiores reiciendis mollitia unde, amet quaerat.&lt;/p&gt;</content><author><name>themeix</name></author><summary type="html">Social Lorem ipsum dolor sit amet, consectetur adipisicing elit. Facere dicta, obcaecati earum velit alias. Vel in aliquam tempore enim officia perferendis tempora, voluptate odio necessitatibus fuga aperiam repudiandae quas perspiciatis mollitia autem, officiis. Dolores alias maiores mollitia eaque totam cupiditate possimus quasi nihil placeat libero quod, debitis reiciendis, officia, architecto error aspernatur, provident. Ipsam quaerat libero iure voluptas, doloribus facere officia corporis incidunt consectetur voluptatem.</summary></entry><entry><title type="html">Politices Is A Great Lorem ipsum</title><link href="http://localhost:4000/economics/2018/03/03/politices.html" rel="alternate" type="text/html" title="Politices Is A Great Lorem ipsum" /><published>2018-03-03T00:00:00+06:00</published><updated>2018-03-03T00:00:00+06:00</updated><id>http://localhost:4000/economics/2018/03/03/politices</id><content type="html" xml:base="http://localhost:4000/economics/2018/03/03/politices.html">&lt;p&gt;Politices Is A Great Lorem ipsum dolor sit amet, consectetur adipisicing elit. Facere dicta, obcaecati earum velit alias. Vel in aliquam tempore enim officia perferendis tempora, voluptate odio necessitatibus fuga aperiam repudiandae quas perspiciatis mollitia autem, officiis. Dolores alias maiores mollitia eaque totam cupiditate possimus quasi nihil placeat libero quod, debitis reiciendis, officia, architecto error aspernatur, provident. Ipsam quaerat libero iure voluptas, doloribus facere officia corporis incidunt consectetur voluptatem.&lt;/p&gt;

&lt;p&gt;Lorem ipsum dolor sit amet, consectetur adipisicing elit. Alias, adipisci voluptates ipsum. Ipsa sequi itaque cum veritatis facilis, cupiditate nihil labore architecto inventore, doloribus iusto saepe nam dolore autem magnam debitis! Ad rerum, at perspiciatis. Nulla reprehenderit, perferendis illo omnis voluptate, quo eligendi magnam quibusdam repudiandae inventore optio maiores reiciendis mollitia unde, amet quaerat.&lt;/p&gt;</content><author><name>themeix</name></author><summary type="html">Politices Is A Great Lorem ipsum dolor sit amet, consectetur adipisicing elit. Facere dicta, obcaecati earum velit alias. Vel in aliquam tempore enim officia perferendis tempora, voluptate odio necessitatibus fuga aperiam repudiandae quas perspiciatis mollitia autem, officiis. Dolores alias maiores mollitia eaque totam cupiditate possimus quasi nihil placeat libero quod, debitis reiciendis, officia, architecto error aspernatur, provident. Ipsam quaerat libero iure voluptas, doloribus facere officia corporis incidunt consectetur voluptatem.</summary></entry><entry><title type="html">economics news Lorem ipsum dolor</title><link href="http://localhost:4000/economics/2018/02/02/economics-article.html" rel="alternate" type="text/html" title="economics news Lorem ipsum dolor" /><published>2018-02-02T00:00:00+06:00</published><updated>2018-02-02T00:00:00+06:00</updated><id>http://localhost:4000/economics/2018/02/02/economics-article</id><content type="html" xml:base="http://localhost:4000/economics/2018/02/02/economics-article.html">&lt;p&gt;Lorem ipsum dolor sit amet, consectetur adipisicing elit. Facere dicta, obcaecati earum velit alias. Vel in aliquam tempore enim officia perferendis tempora, voluptate odio necessitatibus fuga aperiam repudiandae quas perspiciatis mollitia autem, officiis. Dolores alias maiores mollitia eaque totam cupiditate possimus quasi nihil placeat libero quod, debitis reiciendis, officia, architecto error aspernatur, provident. Ipsam quaerat libero iure voluptas, doloribus facere officia corporis incidunt consectetur voluptatem.&lt;/p&gt;

&lt;p&gt;Lorem ipsum dolor sit amet, consectetur adipisicing elit. Alias, adipisci voluptates ipsum. Ipsa sequi itaque cum veritatis facilis, cupiditate nihil labore architecto inventore, doloribus iusto saepe nam dolore autem magnam debitis! Ad rerum, at perspiciatis. Nulla reprehenderit, perferendis illo omnis voluptate, quo eligendi magnam quibusdam repudiandae inventore optio maiores reiciendis mollitia unde, amet quaerat.&lt;/p&gt;</content><author><name>themeix</name></author><summary type="html">Lorem ipsum dolor sit amet, consectetur adipisicing elit. Facere dicta, obcaecati earum velit alias. Vel in aliquam tempore enim officia perferendis tempora, voluptate odio necessitatibus fuga aperiam repudiandae quas perspiciatis mollitia autem, officiis. Dolores alias maiores mollitia eaque totam cupiditate possimus quasi nihil placeat libero quod, debitis reiciendis, officia, architecto error aspernatur, provident. Ipsam quaerat libero iure voluptas, doloribus facere officia corporis incidunt consectetur voluptatem.</summary></entry><entry><title type="html">Welcome to Jekyll!</title><link href="http://localhost:4000/jekyll/update/2018/01/04/welcome-to-jekyll.html" rel="alternate" type="text/html" title="Welcome to Jekyll!" /><published>2018-01-04T07:55:07+06:00</published><updated>2018-01-04T07:55:07+06:00</updated><id>http://localhost:4000/jekyll/update/2018/01/04/welcome-to-jekyll</id><content type="html" xml:base="http://localhost:4000/jekyll/update/2018/01/04/welcome-to-jekyll.html">&lt;p&gt;You’ll find this post in your &lt;code class=&quot;highlighter-rouge&quot;&gt;_posts&lt;/code&gt; directory. Go ahead and edit it and re-build the site to see your changes. You can rebuild the site in many different ways, but the most common way is to run &lt;code class=&quot;highlighter-rouge&quot;&gt;jekyll serve&lt;/code&gt;, which launches a web server and auto-regenerates your site when a file is updated.&lt;/p&gt;

&lt;p&gt;To add new posts, simply add a file in the &lt;code class=&quot;highlighter-rouge&quot;&gt;_posts&lt;/code&gt; directory that follows the convention &lt;code class=&quot;highlighter-rouge&quot;&gt;YYYY-MM-DD-name-of-post.ext&lt;/code&gt; and includes the necessary front matter. Take a look at the source for this post to get an idea about how it works.&lt;/p&gt;

&lt;p&gt;Jekyll also offers powerful support for code snippets:&lt;/p&gt;

&lt;figure class=&quot;highlight&quot;&gt;&lt;pre&gt;&lt;code class=&quot;language-ruby&quot; data-lang=&quot;ruby&quot;&gt;&lt;span class=&quot;k&quot;&gt;def&lt;/span&gt; &lt;span class=&quot;nf&quot;&gt;print_hi&lt;/span&gt;&lt;span class=&quot;p&quot;&gt;(&lt;/span&gt;&lt;span class=&quot;nb&quot;&gt;name&lt;/span&gt;&lt;span class=&quot;p&quot;&gt;)&lt;/span&gt;
  &lt;span class=&quot;nb&quot;&gt;puts&lt;/span&gt; &lt;span class=&quot;s2&quot;&gt;&quot;Hi, &lt;/span&gt;&lt;span class=&quot;si&quot;&gt;#{&lt;/span&gt;&lt;span class=&quot;nb&quot;&gt;name&lt;/span&gt;&lt;span class=&quot;si&quot;&gt;}&lt;/span&gt;&lt;span class=&quot;s2&quot;&gt;&quot;&lt;/span&gt;
&lt;span class=&quot;k&quot;&gt;end&lt;/span&gt;
&lt;span class=&quot;n&quot;&gt;print_hi&lt;/span&gt;&lt;span class=&quot;p&quot;&gt;(&lt;/span&gt;&lt;span class=&quot;s1&quot;&gt;'Tom'&lt;/span&gt;&lt;span class=&quot;p&quot;&gt;)&lt;/span&gt;
&lt;span class=&quot;c1&quot;&gt;#=&amp;gt; prints 'Hi, Tom' to STDOUT.&lt;/span&gt;&lt;/code&gt;&lt;/pre&gt;&lt;/figure&gt;

&lt;p&gt;Check out the &lt;a href=&quot;https://jekyllrb.com/docs/home&quot;&gt;Jekyll docs&lt;/a&gt; for more info on how to get the most out of Jekyll. File all bugs/feature requests at &lt;a href=&quot;https://github.com/jekyll/jekyll&quot;&gt;Jekyll’s GitHub repo&lt;/a&gt;. If you have questions, you can ask them on &lt;a href=&quot;https://talk.jekyllrb.com/&quot;&gt;Jekyll Talk&lt;/a&gt;.&lt;/p&gt;</content><author><name>themeix</name></author><summary type="html">You’ll find this post in your _posts directory. Go ahead and edit it and re-build the site to see your changes. You can rebuild the site in many different ways, but the most common way is to run jekyll serve, which launches a web server and auto-regenerates your site when a file is updated.</summary></entry></feed>